{"cameraMode":{"drawMode":0,"name":"Shaded","section":"Shading Mode"},"sceneLighting":true,"audioPlay":false,"sceneViewState":{"showFog":true,"showMaterialUpdate":false,"showSkybox":true,"showFlares":true,"showImageEffects":true,"showParticleSystems":true},"in2DMode":false,"pivot":{"x":-12.547037124633789,"y":4.369746208190918,"z":3.6143341064453127},"rotation":{"x":0.22828003764152528,"y":0.744496762752533,"z":-0.31232213973999026,"w":0.5441585183143616},"size":24.952693939208986,"orthographic":false}